[
  {
    "id": 1,
    "firstName": "Hayyan",
    "lastName": "Ali",
    "bio": "I'm a React.js developer with skills in HTML, CSS, Js, Bootstrap, Tailwind CSS, jQuery, firebase, Reactjs & React Native. Currently working at Techonza Technology Company as a Front-end Developer in Karachi, Pakistan. Also, a freelance developer working on various projects.",
    "language": "Roman Urdu",
    "targetRegion": "Karachi",
    "userName": "hayyanali",
    "gender": "male",
    "dateOfBirth": "12/2/2000",
    "address": "House # K, 85, Pakistan Employees Co-Operative Housing Society Block 2 PECHS, Karachi, Karachi City, Sindh, Pakistan",
    "zipCode": "75400",
    "country": "Pakistan",
    "state": "Karachi",
    "city": "Karachi",
    "phone": "+92 3172271459",
    "email": "hayyan.techonza@gmail.com",
    "password": "hayyan@123"
  },
  {
    "id": 2,
    "firstName": "John",
    "lastName": "Doe",
    "bio": "Lorem ipsum dolor sit amet, consectetur adipiscing elit. Nullam euismod, neque ac commodo luctus, justo erat finibus elit, vitae ullamcorper risus odio vel velit.",
    "language": "English",
    "targetRegion": "SomeRegion",
    "userName": "john.doe",
    "gender": "Male",
    "dateOfBirth": "12/2/2000",
    "address": "123 Main Street",
    "zipCode": "12345",
    "country": "SomeCountry",
    "state": "SomeState",
    "city": "SomeCity",
    "phone": "+1 1234567890",
    "email": "john.doe@example.com",
    "password": "john@123"
  },
  {
    "id": 3,
    "firstName": "Guest",
    "lastName": "User",
    "bio": "Lorem ipsum dolor sit amet, consectetur adipiscing elit. Nullam euismod, neque ac commodo luctus, justo erat finibus elit, vitae ullamcorper risus odio vel velit.",
    "language": "Not specified",
    "targetRegion": "Karachi",
    "userName": "guest.user",
    "gender": "Not specified",
    "dateOfBirth": "12/2/2000",
    "address": "456 Guest Avenue",
    "zipCode": "67890",
    "country": "Pakistan",
    "state": "Karachi",
    "city": "Trà Vinh",
    "phone": "1-456-463-0294",
    "email": "guest@gmail.com",
    "password": "guest@123"
  }
]
