[
{
  "id": 1,
  "label": "XTERRA Fitness"
},
{
  "id": 2,
  "label": "Www.Livehome3d.Com"
},
{
  "id": 3,
  "label": "Buyagift.Co.Uk"
},
{
  "id": 4,
  "label": "Bravekid IJS"
},
{
  "id": 5,
  "label": "View Boston Observation Deck (US Affiliates)"
},
{
  "id": 6,
  "label": "12 Magical Dates (US)"
},
{
  "id": 7,
  "label": "Bartesian"
},
{
  "id": 8,
  "label": "4th Ave Market"
},
{
  "id": 9,
  "label": "Cosi Home"
},
{
  "id": 10,
  "label": "Air Filters Delivered"
},
{
  "id": 11,
  "label": "Trip.Com UK"
},
{
  "id": 12,
  "label": "Click & Grow"
},
{
  "id": 13,
  "label": "Garolla"
},
{
  "id": 14,
  "label": "VonHaus"
},
{
  "id": 15,
  "label": "Furn I-JK"
},
{
  "id": 16,
  "label": "Bellissima UK"
},
{
  "id": 17,
  "label": "ESM-Computer"
},
{
  "id": 18,
  "label": "Connected Apparel"
},
{
  "id": 19,
  "label": "Annis Cottage"
},
{
  "id": 20,
  "label": "GS Equestrian"
}]