[
  {
    "id": 1,
    "name":"budgetsaves",
    "link": "https://budgetsaves.com",
    "type": ["Content/Blog", "Cashback/Loyalty"],
    "categories": ["Shopping & Retail", "Travel", "Fashion", "Home & Garden"],
    "lastUpdated": "2023-01-01",
    "status": "inactive"
  },
  {
    "id": 2,
    "name":"techdeals",
    "link": "https://techdeals.net",
    "type": ["Deals/Coupons", "Reviews"],
    "categories": ["Shopping & Retail", "Technology", "Gaming"],
    "lastUpdated": "2023-02-15",
    "status": "Active"
  },
  {
    "id": 3,
    "name":"fashionfinds",
    "link": "https://fashionfinds.com",
    "type": ["Fashion Blog", "Trend Alerts"],
    "categories": ["Fashion", "Shopping & Retail"],
    "lastUpdated": "2023-03-10",
    "status": "Active"
  },
  {
    "id": 4,
    "name":"homehub",
    "link": "https://homehub.com",
    "type": ["Home Decor Ideas", "DIY Tips"],
    "categories": ["Home & Garden", "Shopping & Retail"],
    "lastUpdated": "2023-04-05",
    "status": "inactive"
  },
  {
    "id": 5,
    "name":"traveltricks",
    "link": "https://traveltricks.net",
    "type": ["Travel Guides", "Budget Travel Tips"],
    "categories": ["Travel", "Adventure", "Shopping & Retail"],
    "lastUpdated": "2023-05-20",
    "status": "Active"
  }
]